Rk,Player,Tm,FantPos,PPR,DKPt,FDPt,VBD,PosRank,OvRank,-9999
1,Jonathan Taylor,IND,RB,373.1,381.1,353.1,176,1,1,TaylJo02
2,Cooper Kupp,LAR,WR,439.5,442.5,367.0,163,1,2,KuppCo00
3,Deebo Samuel,SFO,WR,339.0,347.0,300.5,132,2,3,SamuDe00
4,Josh Allen,BUF,QB,402.6,426.6,417.6,126,1,4,AlleJo02
5,Austin Ekeler,LAC,RB,343.8,352.8,308.8,120,2,5,EkelAu00
6,Justin Herbert,LAC,QB,380.8,402.8,395.8,106,2,6,HerbJu00
7,Tom Brady,TAM,QB,374.7,392.7,386.7,100,3,7,BradTo00
8,Ja'Marr Chase,CIN,WR,304.6,308.6,264.1,96,3,8,ChasJa00
9,Mark Andrews,BAL,TE,301.1,304.1,247.6,96,1,9,AndrMa00
10,Justin Jefferson,MIN,WR,330.4,334.4,276.4,95,4,10,JeffJu00
11,Joe Mixon,CIN,RB,287.9,294.9,266.9,94,3,11,MixoJo00
12,Davante Adams,GNB,WR,344.3,347.3,282.8,94,5,12,AdamDa01
13,Patrick Mahomes,KAN,QB,361.7,384.7,374.7,88,4,13,MahoPa00
14,Najee Harris,PIT,RB,300.7,306.7,263.7,76,4,14,HarrNa00
15,Travis Kelce,KAN,TE,262.8,266.8,216.8,74,2,15,KelcTr00
16,James Conner,ARI,RB,257.7,263.7,239.2,70,5,16,ConnJa00
17,Mike Evans,TAM,WR,262.5,265.5,225.5,63,6,17,EvanMi00
18,Aaron Rodgers,GNB,QB,333.3,343.3,336.8,60,5,18,RodgAa00
19,Tyreek Hill,KAN,WR,296.5,300.5,241.0,60,7,19,HillTy00
20,Matthew Stafford,LAR,QB,329.7,351.7,346.7,58,6,20,StafMa00
21,Stefon Diggs,BUF,WR,285.5,288.5,234.0,57,8,21,DiggSt00
22,Ezekiel Elliott,DAL,RB,252.1,259.1,228.6,56,6,22,ElliEz00
23,Dak Prescott,DAL,QB,320.6,342.6,330.6,49,7,23,PresDa01
24,Nick Chubb,CLE,RB,215.3,222.3,205.3,46,7,24,ChubNi00
25,Mike Williams,LAC,WR,246.6,249.6,208.6,46,9,25,WillMi07
26,D.K. Metcalf,SEA,WR,244.3,247.3,206.8,45,10,26,MetcDK00
27,Tyler Lockett,SEA,WR,241.4,244.4,204.9,44,11,27,LockTy00
28,Joe Burrow,CIN,QB,314.2,336.2,328.2,43,8,28,BurrJo01
29,Damien Harris,NWE,RB,210.1,218.1,201.1,43,8,29,HarrDa06
30,Diontae Johnson,PIT,WR,274.4,279.4,220.9,43,12,30,JohnDi01
31,Jalen Hurts,PHI,QB,312.2,329.2,321.2,41,9,31,HurtJa00
32,Alvin Kamara,NOR,RB,234.7,240.7,211.2,39,9,32,KamaAl00
33,Antonio Gibson,WAS,RB,229.1,239.1,208.1,39,10,33,GibsAn00
34,Leonard Fournette,TAM,RB,255.6,261.6,221.1,38,11,34,FourLe00
35,Dalton Schultz,DAL,TE,208.8,211.8,169.8,37,3,35,SchuDa00
36,Cordarrelle Patterson,ATL,RB,234.6,240.6,208.6,34,12,36,PattCo00
37,George Kittle,SFO,TE,198.0,202.0,162.5,33,4,37,KittGe00
38,Hunter Renfrow,LVR,WR,259.1,263.1,207.6,32,13,38,RenfHu00
39,Kyler Murray,ARI,QB,300.5,316.5,310.5,30,10,39,MurrKy00
40,Kirk Cousins,MIN,QB,300.3,315.3,307.3,30,11,40,CousKi00
41,CeeDee Lamb,DAL,WR,232.8,235.8,193.3,30,14,41,LambCe00
42,Aaron Jones,GNB,RB,229.0,236.0,203.0,29,13,42,JoneAa00
43,Derrick Henry,TEN,RB,193.3,199.3,184.3,28,14,43,HenrDe00
44,Keenan Allen,LAC,WR,257.8,260.8,204.8,28,15,44,AlleKe00
45,Michael Pittman Jr.,IND,WR,238.6,241.6,194.6,27,16,45,PittMi01
46,Dalvin Cook,MIN,RB,206.3,214.3,189.3,25,15,46,CookDa01
47,Josh Jacobs,LVR,RB,226.0,234.0,199.0,24,16,47,JacoJo01
48,Taysom Hill,NOR,TE,121.7,132.7,124.7,24,5,48,HillTa00
49,Rob Gronkowski,TAM,TE,171.2,174.2,143.7,23,6,49,GronRo00
50,Tee Higgins,CIN,WR,219.1,223.1,182.1,22,17,50,HiggTe00
51,D.J. Moore,CAR,WR,237.5,241.5,191.0,22,18,51,MoorD.00
52,Dawson Knox,BUF,TE,164.1,167.1,139.6,22,7,52,KnoxDa00
53,Chris Godwin,TAM,WR,242.4,247.4,193.4,21,19,53,GodwCh00
54,Hunter Henry,NWE,TE,164.3,167.3,139.3,21,8,54,HenrHu00
55,Melvin Gordon,DEN,RB,195.1,204.1,181.1,20,17,55,GordMe00
56,Jaylen Waddle,MIA,WR,245.8,249.8,193.8,19,21,56,WaddJa00
57,Brandin Cooks,HOU,WR,231.8,234.8,186.8,19,20,57,CookBr00
58,Darnell Mooney,CHI,WR,219.7,222.7,179.2,16,22,58,MoonDa00
59,Kyle Pitts,ATL,TE,176.6,179.6,142.6,16,10,59,PittKy00
60,Dallas Goedert,PHI,TE,165.0,168.0,137.0,16,9,60,GoedDa00
61,Javonte Williams,DEN,RB,204.9,211.9,183.4,15,18,61,WillJa10
62,Amon-Ra St. Brown,DET,WR,227.3,230.3,182.3,15,23,62,StxxAm00
63,Terry McLaurin,WAS,WR,213.5,216.5,175.0,14,24,63,McLaTe00
64,Zach Ertz,2TM,TE,180.7,183.7,143.7,14,11,64,ErtzZa00
65,Marquise Brown,BAL,WR,226.3,230.3,180.8,13,25,65,BrowMa04
66,Amari Cooper,DAL,WR,202.5,205.5,168.5,12,26,66,CoopAm00
67,Devin Singletary,BUF,RB,197.8,203.8,177.8,11,19,67,SingDe00
68,Adam Thielen,MIN,WR,199.8,202.8,166.3,11,27,68,ThieAd00
69,Christian Kirk,ARI,WR,207.6,210.6,169.1,8,28,69,KirkCh01
70,David Montgomery,CHI,RB,195.0,203.0,175.0,7,20,70,MontDa01
71,AJ Dillon,GNB,RB,185.6,192.6,168.6,5,21,71,DillAJ00
72,Kendrick Bourne,NWE,WR,180.5,187.5,153.0,4,29,72,BourKe00
73,Darrel Williams,KAN,RB,196.0,202.0,172.5,3,22,73,WillDa10
74,D'Andre Swift,DET,RB,208.9,215.9,177.9,1,23,74,SwifDA00
75,Ryan Tannehill,TEN,QB,268.4,292.4,282.4,,12,75,TannRy00
76,Carson Wentz,IND,QB,258.0,276.0,265.0,,13,76,WentCa00
77,Derek Carr,LVR,QB,257.0,282.0,271.0,,14,77,CarrDe02
78,Russell Wilson,SEA,QB,242.8,255.8,248.8,,15,78,WilsRu00
79,Lamar Jackson,BAL,QB,240.0,262.0,253.0,,16,,JackLa00
80,Jimmy Garoppolo,SFO,QB,227.5,245.5,239.5,,17,,GaroJi00
81,Mac Jones,NWE,QB,224.9,246.9,237.9,,18,,JoneMa05
82,Matt Ryan,ATL,QB,222.9,241.9,234.9,,19,,RyanMa00
83,Taylor Heinicke,WAS,QB,222.9,245.9,237.4,,20,,HeinTa00
84,Ben Roethlisberger,PIT,QB,218.1,236.1,228.1,,21,,RoetBe00
85,Teddy Bridgewater,DEN,QB,202.7,216.7,209.7,,22,,BridTe00
86,Trevor Lawrence,JAX,QB,199.0,227.0,216.0,,23,,LawrTr00
87,Jared Goff,DET,QB,194.5,211.5,202.5,,24,,GoffJa00
88,Baker Mayfield,CLE,QB,180.9,202.9,193.9,,26,,MayfBa00
89,Tua Tagovailoa,MIA,QB,180.9,197.9,190.9,,25,,TagoTu00
90,Daniel Jones,NYG,QB,167.5,183.5,174.0,,27,,JoneDa05
91,Sam Darnold,CAR,QB,157.3,180.3,170.3,,28,,DarnSa00
92,Davis Mills,HOU,QB,157.0,171.0,167.0,,29,,MillDa02
93,Zach Wilson,NYJ,QB,151.9,169.9,162.9,,30,,WilsZa00
94,Elijah Mitchell,SFO,RB,165.0,171.0,155.5,,24,,MitcEl00
95,James Robinson,JAX,RB,173.9,181.9,158.4,,25,,RobiJa00
96,Darrell Henderson,LAR,RB,163.4,169.4,148.9,,26,,HendDa00
97,Justin Fields,CHI,QB,126.8,147.8,136.8,,31,,FielJu00
98,Myles Gaskin,MIA,RB,173.6,180.6,149.1,,28,,GaskMy00
99,Sony Michel,LAR,RB,146.3,153.3,135.8,,27,,MichSo00
100,Tony Pollard,DAL,RB,162.6,168.6,143.1,,29,,PollTo00
101,DeVonta Smith,PHI,WR,185.6,189.6,153.6,,30,,SmitDe07
102,A.J. Brown,TEN,WR,180.9,183.9,149.4,,32,,BrowAJ00
103,Michael Carter,NYJ,RB,154.4,161.4,136.4,,30,,CartMi03
104,Van Jefferson,LAR,WR,168.2,171.2,143.2,,31,,JeffVa00
105,Tyler Boyd,CIN,WR,183.8,186.8,150.3,,33,,BoydTy00
106,Jameis Winston,NOR,QB,117.4,127.4,120.4,,32,,WinsJa00
107,Rashaad Penny,SEA,RB,121.7,124.7,118.7,,31,,PennRa00
108,Brandon Aiyuk,SFO,WR,170.3,174.3,142.3,,34,,AiyuBr00
109,Devonta Freeman,BAL,RB,146.6,152.6,129.6,,32,,FreeDe00
110,Chuba Hubbard,CAR,RB,137.6,144.6,125.1,,33,,HubbCh01
111,K.J. Osborn,MIN,WR,158.5,161.5,133.5,,35,,OsboKJ00
112,Saquon Barkley,NYG,RB,148.6,155.6,128.1,,34,,BarkSa00
113,Chase Claypool,PIT,WR,166.6,169.6,137.1,,36,,ClayCh01
114,Marvin Jones,JAX,WR,180.2,183.2,143.7,,37,,JoneMa02
115,Marquez Callaway,NOR,WR,151.8,154.8,128.8,,38,,CallMa01
116,DeAndre Hopkins,ARI,WR,147.2,150.2,126.2,,39,,HopkDe00
117,Devontae Booker,NYG,RB,144.1,150.1,124.1,,35,,BookDe00
118,A.J. Green,ARI,WR,156.8,159.8,129.8,,43,,GreeA.00
119,Allen Lazard,GNB,WR,142.5,145.5,122.5,,44,,LazaAl00
120,Jakobi Meyers,NWE,WR,186.3,190.3,144.8,,41,,MeyeJa01
121,Tim Patrick,DEN,WR,156.4,159.4,129.9,,40,,PatrTi00
122,Cedrick Wilson Jr.,DAL,WR,147.8,150.8,125.3,,42,,WilsCe01
123,Rhamondre Stevenson,NWE,RB,114.9,121.9,107.9,,36,,StevRh00
124,Chase Edmonds,ARI,RB,143.3,150.3,121.8,,37,,EdmoCh00
125,Clyde Edwards-Helaire,KAN,RB,117.6,125.6,108.1,,38,,EdwaCl00
126,Russell Gage,ATL,WR,163.0,168.0,130.0,,45,,GageRu00
127,Elijah Moore,NYJ,WR,138.2,141.2,116.7,,46,,MoorEl00
128,Mike Davis,ATL,RB,138.2,147.2,116.2,,39,,DaviMi01
129,Alexander Mattison,MIN,RB,125.9,132.9,109.9,,40,,MattAl01
130,Latavius Murray,BAL,RB,103.6,106.6,98.6,,42,,MurrLa00
131,Jamaal Williams,DET,RB,119.8,125.8,106.8,,41,,WillJa06
132,Pat Freiermuth,PIT,TE,151.7,155.7,121.7,,13,,FreiPa00
133,Mike Gesicki,MIA,TE,165.0,168.0,128.5,,12,,GesiMi00
134,Courtland Sutton,DEN,WR,150.2,153.2,121.2,,47,,SuttCo00
135,Robert Woods,LAR,WR,137.2,140.2,114.7,,48,,WoodRo02
136,Gabriel Davis,BUF,WR,125.9,128.9,108.4,,49,,DaviGa01
137,Noah Fant,DEN,TE,159.0,162.0,125.0,,14,,FantNo00
138,Christian McCaffrey,CAR,RB,127.5,133.5,109.0,,44,,McCaCh01
139,Miles Sanders,PHI,RB,117.2,124.2,104.2,,43,,SandMi01
140,Kenneth Gainwell,PHI,RB,123.4,130.4,106.9,,45,,GainKe00
141,Emmanuel Sanders,BUF,WR,131.7,134.7,110.7,,50,,SandEm00
142,Trevor Siemian,NOR,QB,90.2,97.2,93.2,,33,,SiemTr00
143,Kareem Hunt,CLE,RB,110.0,116.0,99.0,,46,,HuntKa00
144,Robbie Chosen,CAR,WR,138.5,141.5,112.0,,51,,AndeRo04
145,Tyler Higbee,LAR,TE,147.0,150.0,116.5,,15,,HigbTy00
146,Cam Newton,CAR,QB,86.4,98.4,91.4,,34,,NewtCa00
147,Boston Scott,PHI,RB,98.6,102.6,92.1,,47,,ScotBo02
148,Odell Beckham Jr.,2TM,WR,129.1,132.1,107.1,,52,,BeckOd00
149,D'Onta Foreman,TEN,RB,93.9,100.9,89.4,,49,,ForeDO00
150,D'Ernest Johnson,CLE,RB,104.1,110.1,94.6,,48,,JohnDE04
151,J.D. McKissic,WAS,RB,127.9,133.9,106.4,,50,,McKiJ.00
152,Byron Pringle,KAN,WR,126.8,130.8,105.8,,53,,PrinBy00
153,Jared Cook,LAC,TE,132.4,135.4,108.4,,16,,CookJa02
154,Andy Dalton,CHI,QB,84.2,97.2,93.2,,35,,DaltAn00
155,T.J. Hockenson,DET,TE,145.3,148.3,114.8,,17,,HockTJ00
156,Kalif Raymond,DET,WR,132.4,135.4,108.4,,54,,RaymKa00
157,Brandon Bolden,NWE,RB,124.1,130.1,103.6,,51,,BoldBr00
158,Tyler Huntley,BAL,QB,82.6,95.6,86.6,,36,,HuntTy01
159,Ty Johnson,NYJ,RB,117.0,124.0,100.0,,52,,JohnTy02
160,Mecole Hardman,KAN,WR,140.9,145.9,111.4,,55,,HardMe00
161,Mark Ingram,2TM,RB,108.6,115.6,95.1,,54,,IngrMa01
162,Zack Moss,BUF,RB,105.2,112.2,93.7,,53,,MossZa00
163,Tyrod Taylor,HOU,QB,81.7,92.7,86.7,,37,,TaylTy00
164,Jarvis Landry,CLE,WR,133.0,138.0,107.0,,56,,LandJa00
165,Antonio Brown,TAM,WR,121.1,124.1,100.1,,57,,BrowAn04
166,Rex Burkhead,HOU,RB,104.3,110.3,91.8,,55,,BurkRe00
167,C.J. Uzomah,CIN,TE,128.3,131.3,103.8,,18,,UzomC.00
168,Darren Waller,LVR,TE,133.5,136.5,106.0,,19,,WallDa01
169,Cole Beasley,BUF,WR,159.3,162.3,118.3,,58,,BeasCo00
170,Tyler Conklin,MIN,TE,138.3,141.3,107.8,,20,,ConkTy00
171,Deonte Harty,NOR,WR,113.1,117.1,95.1,,59,,HarrDe07
172,Donovan Peoples-Jones,CLE,WR,109.7,113.7,92.7,,60,,PeopDo00
173,Braxton Berrios,NYJ,WR,121.1,125.1,98.1,,61,,BerrBr00
174,Bryan Edwards,LVR,WR,109.1,112.1,92.1,,62,,EdwaBr01
175,Kenyan Drake,LVR,RB,102.5,108.5,87.5,,57,,DrakKe00
176,Nyheim Hines,IND,RB,112.6,120.6,92.6,,56,,HineNy00
177,Quez Watkins,PHI,WR,116.0,119.0,94.5,,63,,WatkQu00
178,Jacoby Brissett,MIA,QB,72.3,82.3,76.3,,38,,BrisJa00
179,David Njoku,CLE,TE,107.6,110.6,89.6,,21,,NjokDa00
180,Corey Davis,NYJ,WR,105.2,109.2,88.2,,64,,DaviCo03
181,Gerald Everett,SEA,TE,117.8,122.8,93.8,,22,,EverGe00
182,Nick Westbrook-Ikhine,TEN,WR,107.6,111.6,88.6,,65,,WestNi00
183,Ronald Jones II,TAM,RB,79.2,84.2,74.2,,58,,JoneRo01
184,Nelson Agholor,NWE,WR,103.4,106.4,84.9,,66,,AghoNe00
185,Randall Cobb,GNB,WR,93.6,97.6,79.6,,68,,CobbRa00
186,Jalen Guyton,LAC,WR,97.2,100.2,81.7,,67,,GuytJa01
187,Khalil Herbert,CHI,RB,78.9,81.9,71.9,,59,,HerbKh00
188,Trey Lance,SFO,QB,64.9,72.9,66.9,,39,,LancTr00
189,Justin Jackson,LAC,RB,86.2,93.2,75.2,,60,,JackJu01
190,DeVante Parker,MIA,WR,103.5,106.5,83.5,,70,,ParkDe01
191,Laviska Shenault Jr.,JAX,WR,127.0,131.0,95.5,,69,,ShenLa00
192,DeAndre Carter,WAS,WR,86.5,89.5,74.5,,71,,CartDe02
193,Freddie Swain,SEA,WR,86.5,89.5,74.0,,72,,SwaiFr00
194,Jordan Howard,PHI,RB,62.5,65.5,61.5,,61,,HowaJo00
195,Cole Kmet,CHI,TE,121.2,124.2,91.2,,23,,KmetCo00
196,Henry Ruggs III,LVR,WR,84.5,87.5,72.5,,74,,RuggHe00
197,Marquez Valdes-Scantling,GNB,WR,87.0,90.0,74.0,,73,,ValdMa00
198,Alex Collins,SEA,RB,68.8,72.8,64.3,,62,,CollAl00
199,Josh Palmer,LAC,WR,92.9,95.9,76.4,,75,,PalmJo00
200,Jamison Crowder,NYJ,WR,109.7,113.7,84.2,,78,,CrowJa00
201,Zay Jones,LVR,WR,105.9,109.9,82.4,,76,,JoneZa00
202,Olamide Zaccheaus,ATL,WR,89.8,92.8,74.3,,77,,ZaccOl01
203,Rashod Bateman,BAL,WR,103.5,106.5,80.5,,80,,BateRa00
204,Jauan Jennings,SFO,WR,82.2,85.2,70.2,,79,,JennJa00
205,Evan Engram,NYG,TE,102.5,106.5,79.5,,24,,EngrEv00
206,Michael Gallup,DAL,WR,91.5,94.5,74.0,,81,,GallMi00
207,Zach Pascal,IND,WR,94.5,98.5,75.5,,82,,PascZa00
208,Mo Alie-Cox,IND,TE,79.6,82.6,67.6,,25,,AlieMo00
209,DeSean Jackson,2TM,WR,75.8,79.8,65.8,,83,,JackDe00
210,Samaje Perine,CIN,RB,83.2,89.2,69.7,,63,,PeriSa00
211,Tre'Quan Smith,NOR,WR,87.7,90.7,71.7,,84,,SmitTr03
212,Austin Hooper,CLE,TE,92.5,95.5,73.5,,27,,HoopAu00
213,Duke Johnson,MIA,RB,59.1,62.1,57.1,,64,,JohnDu00
214,Rondale Moore,ARI,WR,109.1,113.1,82.1,,85,,MoorRo02
215,Foster Moreau,LVR,TE,85.3,88.3,70.3,,26,,MoreFo00
216,Dontrell Hilliard,TEN,RB,72.7,76.7,63.2,,65,,HillDo00
217,Geno Smith,SEA,QB,54.3,59.3,55.3,,40,,SmitGe00
218,Ameer Abdullah,2TM,RB,89.5,95.5,70.5,,66,,AbduAm00
219,Jamal Agnew,JAX,WR,76.0,82.0,64.0,,87,,AgneJa00
220,Kenny Golladay,NYG,WR,89.1,92.1,70.6,,86,,GollKe00
221,Josh Reynolds,2TM,WR,80.6,83.6,66.1,,88,,ReynJo00
222,Keelan Cole,NYJ,WR,78.9,81.9,64.9,,90,,ColeKe00
223,Nico Collins,HOU,WR,83.6,86.6,67.1,,91,,CollNi00
224,T.Y. Hilton,IND,WR,74.1,77.1,62.6,,89,,HiltT.00
225,Drew Lock,DEN,QB,51.9,57.9,53.4,,41,,LockDr00
226,Jack Doyle,IND,TE,79.2,82.2,64.7,,28,,DoylJa00
227,Devin Duvernay,BAL,WR,83.2,86.2,66.7,,92,,DuveDe00
228,Cameron Brate,TAM,TE,78.5,81.5,63.5,,29,,BratCa00
229,David Johnson,HOU,RB,81.3,88.3,65.3,,67,,JohnDa08
230,Julio Jones,TEN,WR,80.4,83.4,64.9,,93,,JoneJu02
231,Allen Robinson,CHI,WR,87.0,90.0,68.0,,95,,RobiAl02
232,Laquon Treadwell,JAX,WR,82.4,85.4,65.9,,94,,TreaLa00
233,Derrick Gore,KAN,RB,56.1,62.1,52.1,,68,,GoreDe00
234,Jerry Jeudy,DEN,WR,85.0,88.0,66.0,,96,,JeudJe00
235,Mack Hollins,MIA,WR,60.3,63.3,53.3,,97,,HollMa00
236,Travis Homer,SEA,RB,61.8,67.8,53.8,,70,,HomeTr00
237,Josh Johnson,2TM,QB,46.3,51.3,48.3,,42,,JohnJo05
238,Jeremy McNichols,TEN,RB,73.6,79.6,59.6,,71,,McNiJe00
239,Jaret Patterson,WAS,RB,55.9,58.9,50.9,,69,,PattJa01
240,Danny Amendola,HOU,WR,68.8,71.8,56.8,,99,,AmenDa00
241,Anthony Firkser,TEN,FB,79.1,83.1,62.1,,72,,FirkAn00
242,Jalen Reagor,PHI,WR,78.1,81.1,61.6,,98,,ReagJa00
243,Damien Williams,CHI,RB,60.7,66.7,52.7,,73,,WillDa05
244,Jeff Wilson,SFO,RB,51.5,54.5,48.0,,74,,WilsJe01
245,Kyle Juszczyk,SFO,FB,73.8,76.8,58.8,,75,,JuszKy00
246,Demarcus Robinson,KAN,WR,69.4,72.4,56.9,,100,,RobiDe01
247,Mike White,NYJ,QB,44.0,55.0,52.0,,43,,WhitMi01
248,Chris Conley,HOU,WR,64.6,68.6,53.6,,103,,ConlCh00
249,Albert Okwuegbunam,DEN,TE,76.0,80.0,59.5,,30,,OkwuAl00
250,Darius Slayton,NYG,WR,68.6,72.6,55.6,,104,,SlayDa01
251,Kadarius Toney,NYG,WR,82.4,85.4,62.9,,102,,ToneKa00
252,Sammy Watkins,BAL,WR,70.4,74.4,56.9,,101,,WatkSa00
253,Chris Carson,SEA,RB,48.1,52.1,45.1,,76,,CarsCh00
254,Sterling Shepard,NYG,WR,77.7,80.7,59.7,,106,,ShepSt00
255,James Washington,PIT,WR,65.8,68.8,53.8,,105,,WashJa00
256,Dan Arnold,2TM,WR,75.8,79.8,58.3,,107,,ArnoDa00
257,Harrison Bryant,CLE,TE,62.3,65.3,51.8,,31,,BryaHa00
258,Tevin Coleman,NYJ,RB,51.5,54.5,46.0,,78,,ColeTe01
259,Phillip Lindsay,2TM,RB,45.4,48.4,43.4,,77,,LindPh00
260,Colt McCoy,ARI,QB,41.3,46.3,42.3,,44,,McCoCo00
261,Peyton Barber,LVR,RB,49.9,52.9,44.9,,79,,BarbPe01
262,Juwan Johnson,NOR,TE,52.9,55.9,46.4,,32,,JohnJu02
263,Calvin Ridley,ATL,WR,71.1,74.1,55.6,,108,,RidlCa00
264,Damiere Byrd,CHI,WR,64.9,68.9,51.9,,109,,ByrdDa00
265,DeeJay Dallas,SEA,RB,60.1,66.1,49.6,,80,,DallDe00
266,Ashton Dulin,IND,WR,51.5,54.5,45.0,,111,,DuliAs00
267,Donald Parham,LAC,TE,59.0,62.0,49.0,,35,,ParhDo00
268,Ricky Seals-Jones,WAS,TE,69.1,72.1,54.1,,34,,SealRi00
269,Jonnu Smith,NWE,TE,67.4,70.4,53.4,,33,,SmitJo01
270,Geoff Swaim,TEN,TE,70.0,73.0,54.5,,36,,SwaiGe00
271,Antoine Wesley,ARI,WR,57.8,60.8,48.3,,110,,WeslAn01
272,Ryan Griffin,NYJ,TE,65.1,68.1,51.6,,37,,GrifRy00
273,Adam Humphries,WAS,WR,79.3,82.3,58.8,,112,,HumpAd00
274,Hayden Hurst,ATL,TE,64.1,68.1,51.1,,38,,HursHa00
275,Josiah Deguara,GNB,TE,61.5,64.5,49.0,,40,,DeguJo00
276,Marquise Goodwin,CHI,WR,57.2,60.2,47.2,,113,,GoodMa00
277,Jimmy Graham,CHI,TE,50.7,53.7,43.7,,39,,GrahJi00
278,Lil'Jordan Humphrey,NOR,WR,49.9,52.9,43.4,,114,,HumpLi01
279,Dare Ogunbowale,JAX,RB,50.1,56.1,43.6,,81,,OgunDa00
280,Giovani Bernard,TAM,RB,59.1,62.1,47.6,,82,,BernGi00
281,Matt Breida,BUF,RB,42.7,46.7,39.2,,83,,BreiMa00
282,Tyler Johnson,TAM,WR,72.0,75.0,54.0,,115,,JohnTy00
283,Brevin Jordan,HOU,TE,55.8,58.8,45.8,,43,,JordBr00
284,Durham Smythe,MIA,TE,70.0,73.0,53.0,,42,,SmytDu00
285,Logan Thomas,WAS,TE,53.6,57.6,44.6,,44,,ThomLo00
286,Adam Trautman,NOR,TE,63.3,67.3,49.8,,41,,TrauAd00
287,Chris Evans,CIN,RB,49.8,52.8,42.3,,84,,EvanCh02
288,Cyril Grayson,TAM,WR,44.6,47.6,39.6,,118,,GrayCy01
289,Chris Moore,HOU,WR,55.7,58.7,45.2,,117,,MoorCh00
290,MyCole Pruitt,TEN,TE,48.5,51.5,41.5,,45,,PruiMy00
291,Chester Rogers,TEN,WR,65.0,69.0,50.0,,116,,RogeCh02
292,Quintez Cephus,DET,WR,49.4,52.4,41.9,,119,,CephQu00
293,Rashard Higgins,CLE,WR,57.5,60.5,45.5,,121,,HiggRa00
294,Carlos Hyde,JAX,RB,45.8,50.8,39.8,,85,,HydeCa00
295,Gardner Minshew II,PHI,QB,33.7,37.7,34.7,,45,,MinsGa00
296,Kyle Rudolph,NYG,TE,59.7,62.7,46.7,,46,,RudoKy00
297,Cam Sims,WAS,WR,48.8,51.8,41.3,,120,,SimsCa00
298,Le'Veon Bell,2TM,RB,38.1,41.1,35.6,,86,,BellLe00
299,Demetric Felton,CLE,RB,50.5,53.5,41.5,,89,,FeltDe00
300,Isaiah McKenzie,BUF,WR,52.5,56.5,42.5,,123,,McKeIs00
301,Tommy Tremble,CAR,TE,53.1,56.1,43.1,,47,,TremTo00
302,Malik Turner,DAL,WR,44.9,47.9,38.9,,122,,TurnMa00
303,Ke'Shawn Vaughn,TAM,RB,36.6,39.6,34.6,,88,,VaugKe00
304,Ty'Son Williams,BAL,RB,41.9,44.9,37.4,,87,,WillTy01
305,Robert Tonyan,GNB,TE,50.4,53.4,41.4,,48,,TonyRo00
306,John Bates,WAS,TE,50.9,53.9,40.9,,49,,BateJo00
307,Mike Glennon,NYG,QB,30.9,46.9,40.9,,46,,GlenMi00
308,Brandon Zylstra,CAR,WR,49.0,52.0,40.0,,124,,ZylsBr00
309,John Ross,NYG,WR,41.0,44.0,35.5,,125,,RossJo00
310,Will Dissly,SEA,TE,50.1,53.1,39.6,,50,,DissWi00
311,Jakeem Grant,2TM,WR,39.5,45.5,34.0,,126,,GranJa00
312,Case Keenum,CLE,QB,28.7,33.7,29.7,,47,,KeenCa00
313,Isaiah Ford,MIA,WR,40.1,43.1,34.1,,127,,FordIs00
314,Craig Reynolds,DET,RB,35.2,38.2,31.7,,90,,ReynCr00
315,Greg Ward,PHI,WR,34.6,34.6,31.1,,128,,WardGr02
316,Salvon Ahmed,MIA,RB,38.6,44.6,32.6,,92,,AhmeSa01
317,Tavon Austin,JAX,WR,51.4,55.4,39.4,,129,,AustTa00
318,DJ Chark,JAX,WR,34.4,37.4,30.9,,130,,CharDJ00
319,Jamycal Hasty,SFO,RB,49.5,53.5,38.0,,93,,HastJa02
320,Ray-Ray McCloud,PIT,WR,66.2,70.2,46.7,,131,,McClRa00
321,Elijhaa Penny,NYG,RB,35.9,35.9,31.4,,91,,PennEl00
322,James O'Shaughnessy,JAX,TE,50.4,53.4,38.4,,51,,O'ShJa00
323,Royce Freeman,2TM,RB,34.6,37.6,29.6,,95,,FreeRo00
324,Trey Sermon,SFO,RB,28.3,31.3,26.8,,94,,SermTr00
325,Maxx Williams,ARI,TE,41.3,44.3,33.3,,52,,WillMa04
326,Tim Boyle,DET,QB,24.3,33.3,30.3,,48,,BoylTi00
327,Joe Flacco,NYJ,QB,23.8,27.8,23.8,,50,,FlacJo00
328,Kendall Hinton,DEN,WR,38.5,41.5,31.0,,133,,HintKe00
329,Cooper Rush,DAL,QB,24.1,29.1,25.1,,49,,RushCo00
330,Ihmir Smith-Marsette,MIN,WR,28.6,31.6,26.1,,132,,SmitIh00
331,Brock Wright,DET,TE,35.7,38.7,29.7,,53,,WrigBr01
332,Stephen Anderson,LAC,TE,38.5,41.5,30.5,,55,,AndeSt01
333,Corey Clement,DAL,RB,28.9,31.9,25.9,,96,,ClemCo00
334,Tyler Kroft,NYJ,TE,39.3,42.3,31.3,,54,,KrofTy00
335,Jerick McKinnon,KAN,RB,35.9,38.9,29.4,,97,,McKiJe00
336,Adrian Peterson,2TM,RB,26.6,26.6,24.6,,98,,PeteAd01
337,Anthony Schwartz,CLE,WR,33.4,36.4,28.4,,134,,SchwAn00
338,Tajae Sharpe,ATL,WR,48.0,51.0,35.5,,135,,SharTa00
339,Albert Wilson,MIA,WR,48.0,51.0,35.5,,136,,WilsAl02
340,Eno Benjamin,ARI,RB,28.0,31.0,25.0,,99,,BenjEn00
341,Parris Campbell,IND,WR,32.2,35.2,27.2,,138,,CampPa00
342,Blake Jarwin,DAL,TE,32.6,32.6,27.1,,56,,JarwBl00
343,Jermar Jefferson,DET,RB,25.7,25.7,23.7,,100,,JeffJe00
344,Breshad Perriman,TAM,WR,33.4,36.4,27.9,,137,,PerrBr02
345,Eric Ebron,PIT,TE,32.5,32.5,26.5,,58,,EbroEr00
346,Marcedes Lewis,GNB,TE,44.4,47.4,32.9,,57,,LewiMa00
347,Jordan Love,GNB,QB,21.1,28.1,24.1,,51,,LoveJo03
348,Malcolm Brown,MIA,RB,22.5,25.5,21.0,,102,,BrowMa03
349,O.J. Howard,TAM,TE,33.5,36.5,26.5,,59,,HowaO.00
350,Godwin Igwebuike,DET,RB,26.8,31.8,23.3,,101,,IgweGo00
351,James Proche,BAL,WR,36.2,39.2,28.2,,139,,ProcJa00
352,JuJu Smith-Schuster,PIT,WR,34.8,37.8,27.3,,140,,SmitJu00
353,Kene Nwangwu,MIN,RB,23.0,23.0,21.0,,104,,NwanKe00
354,Ian Thomas,CAR,TE,36.8,39.8,27.8,,61,,ThomIa00
355,Nick Vannett,NOR,TE,28.3,31.3,23.8,,60,,VannNi00
356,James White,NWE,RB,31.2,31.2,25.2,,103,,WhitJa02
357,Jordan Akins,HOU,TE,41.7,46.7,29.7,,62,,AkinJo00
358,Noah Brown,DAL,WR,34.4,37.4,26.4,,141,,BrowNo00
359,D'Wayne Eskridge,SEA,WR,28.3,28.3,23.3,,142,,EskrDW00
360,KhaDarel Hodge,DET,WR,30.7,33.7,24.2,,143,,HodgKh00
361,Mason Rudolph,PIT,QB,18.4,19.4,19.4,,52,,RudoMa00
362,Mohamed Sanu,SFO,WR,32.7,35.7,25.2,,144,,SanuMo00
363,Nick Foles,CHI,QB,16.8,16.8,16.8,,53,,FoleNi00
364,Jody Fortson,KAN,TE,21.7,21.7,19.2,,63,,FortJo01
365,Zach Gentry,PIT,TE,35.7,38.7,26.2,,64,,GentZa00
366,Tony Jones,NOR,RB,22.1,25.1,19.6,,105,,JoneTo04
367,Austin Walter,NYJ,RB,19.0,22.0,18.0,,106,,WaltAu00
368,Jonathan Williams,WAS,RB,20.7,20.7,18.7,,107,,WillJo07
369,Dyami Brown,WAS,WR,28.1,31.1,22.1,,147,,BrowDy00
370,C.J. Ham,MIN,FB,32.9,35.9,24.4,,108,,HamxC.00
371,N'Keal Harry,NWE,WR,28.4,32.4,22.4,,145,,HarrNK00
372,Marcus Johnson,TEN,WR,24.8,27.8,20.3,,148,,JohnMa07
373,Terrace Marshall Jr.,CAR,WR,32.8,35.8,24.3,,149,,MarsTe00
374,Qadree Ollison,ATL,RB,19.7,23.7,17.7,,109,,OlliQa00
375,Kristian Wilkerson,NWE,WR,20.2,20.2,18.2,,146,,WilkKr00
376,Pharaoh Brown,HOU,TE,38.1,42.1,26.6,,65,,BrowPh01
377,Alec Ingold,LVR,FB,24.6,24.6,19.6,,111,,IngoAl01
378,Marcus Mariota,LVR,QB,14.9,14.9,14.9,,54,,MariMa01
379,Dante Pettis,NYG,WR,25.3,25.3,20.3,,150,,PettDa00
380,Larry Rountree,LAC,RB,15.6,15.6,15.1,,112,,RounLa00
381,Trent Sherfield,SFO,WR,23.7,23.7,19.2,,151,,SherTr00
382,J.J. Taylor,NWE,RB,18.5,19.5,16.5,,113,,TaylJJ01
383,Patrick Taylor,GNB,RB,17.2,17.2,16.2,,110,,TaylPa01
384,Brandon Allen,CIN,QB,13.9,13.9,13.9,,55,,AlleBr00
385,Jesper Horsted,CHI,TE,16.1,16.1,15.1,,66,,HorsJe00
386,Scott Miller,TAM,WR,19.1,19.1,16.6,,152,,MillSc01
387,Ty Montgomery,NOR,WR,29.9,29.9,21.9,,153,,MontTy01
388,P.J. Walker,CAR,QB,13.8,20.8,16.8,,56,,WalkPh00
389,Wayne Gallman,2TM,RB,13.5,16.5,13.0,,115,,GallWa00
390,Chris Manhertz,JAX,TE,19.1,19.1,16.1,,67,,ManhCh00
391,Sean Mannion,MIN,QB,13.0,13.0,13.0,,57,,MannSe00
392,Denzel Mims,NYJ,WR,21.3,24.3,17.3,,154,,MimsDe00
393,Patrick Ricard,BAL,FB,20.7,20.7,16.7,,114,,RicaPa00
394,Ben Skowronek,LAR,WR,24.3,27.3,18.8,,155,,SkowBe00
395,Lee Smith,ATL,TE,21.5,21.5,17.0,,68,,SmitLe00
396,Kenny Stills,NOR,WR,18.9,18.9,15.9,,156,,StilKe00
397,Michael Burton,KAN,FB,14.7,14.7,13.2,,117,,BurtMi00
398,Jacob Hollister,JAX,TE,20.5,20.5,16.0,,70,,HollJa03
399,Brian Hoyer,NWE,QB,12.3,12.3,12.3,,58,,HoyeBr00
400,Jesse James,CHI,TE,19.2,19.2,15.7,,69,,JameJe00
401,Joshua Kelley,LAC,RB,17.0,21.0,14.5,,116,,KellJo01
402,Tom Kennedy,DET,WR,18.4,18.4,15.4,,157,,KennTo01
403,Antony Auclair,HOU,TE,15.7,15.7,13.2,,73,,AuclAn00
404,Phillip Dorsett,3TM,WR,18.0,21.0,14.5,,160,,DorsPh00
405,Ross Dwelley,SFO,TE,15.1,15.1,13.1,,71,,DwelRo00
406,Dez Fitzpatrick,TEN,WR,15.9,15.9,13.4,,161,,FitzDe00
407,Jake Fromm,NYG,QB,10.9,14.9,13.9,,59,,FromJa00
408,Kylen Granson,IND,TE,21.6,24.6,16.1,,75,,GranKy00
409,Collin Johnson,NYG,WR,21.5,24.5,16.0,,162,,JohnCo01
410,Marlon Mack,IND,RB,12.9,15.9,11.9,,120,,MackMa00
411,Jalen Richard,LVR,RB,23.2,23.2,17.2,,118,,RichJa01
412,Eric Saubert,DEN,TE,18.7,18.7,14.7,,74,,SaubEr00
413,Adam Shaheen,MIA,TE,23.0,26.0,17.0,,72,,ShahAd00
414,Jeff Smith,NYJ,WR,19.2,22.2,15.2,,158,,SmitJe03
415,Benny Snell Jr.,PIT,RB,13.1,13.1,12.1,,119,,SnelBe00
416,Equanimeous St. Brown,GNB,WR,20.2,20.2,15.7,,159,,St.BEq00
417,Ryquell Armstead,JAX,RB,12.6,12.6,11.1,,121,,ArmsRy00
418,Blake Bell,KAN,TE,18.7,18.7,14.2,,78,,BellBl00
419,Trinity Benson,DET,WR,20.3,23.3,15.3,,163,,BensTr00
420,Noah Gray,KAN,TE,16.6,16.6,13.1,,79,,GrayNo00
421,Chris Herndon,MIN,TE,14.0,14.0,12.0,,77,,HernCh00
422,Chris Hogan,NOR,WR,14.1,14.1,12.1,,164,,HogaCh00
423,Nick Mullens,CLE,QB,9.9,9.9,9.9,,60,,MullNi00
424,Shi Smith,CAR,WR,16.1,19.1,13.1,,165,,SmitSh03
425,Tommy Sweeney,BUF,TE,19.4,19.4,14.9,,76,,SweeTo00
426,Auden Tate,CIN,WR,12.9,12.9,11.4,,166,,TateAu00
427,Cameron Batson,TEN,WR,11.0,11.0,10.0,,168,,BatsCa00
428,Josh Gordon,KAN,WR,14.2,14.2,11.7,,167,,GordJo02
429,JaQuan Hardy,DAL,RB,8.9,8.9,8.9,,123,,HardJa01
430,Deon Jackson,IND,RB,9.1,9.1,9.1,,122,,JackDe02
431,Andy Janovich,CLE,RB,11.9,11.9,10.4,,124,,JanoAn00
432,Sean McKeon,DAL,TE,12.7,12.7,10.7,,80,,McKeSe01
433,Anthony Miller,2TM,WR,14.5,14.5,11.5,,169,,MillAn02
434,Keith Smith,ATL,FB,17.7,17.7,13.2,,125,,SmitKe03
435,Kyle Allen,WAS,QB,7.9,8.9,7.9,,62,,AlleKy00
436,Alex Armah,2TM,FB,9.2,9.2,8.7,,126,,ArmaAl00
437,Garrett Gilbert,WAS,QB,7.8,7.8,7.8,,63,,GilbGa01
438,Tyree Jackson,PHI,TE,11.2,11.2,9.7,,81,,JackTy01
439,Chris Myarick,NYG,FB,10.7,10.7,9.2,,127,,MyarCh00
440,Dezmon Patmon,IND,WR,10.1,10.1,9.1,,170,,PatmDe00
441,Drew Sample,CIN,TE,19.1,19.1,13.6,,82,,SampDr00
442,Mitchell Trubisky,BUF,QB,8.1,9.1,9.1,,61,,TrubMi00
443,Preston Williams,MIA,WR,13.8,13.8,10.8,,171,,WillPr01
444,KJ Hamler,DEN,WR,12.4,12.4,9.9,,172,,HamlKJ00
445,Josh Oliver,BAL,TE,15.6,15.6,11.1,,83,,OlivJo00
446,Andre Roberts,2TM,WR,8.4,10.4,7.9,,173,,RobeAn00
447,Johnny Stanton,CLE,FB,9.2,9.2,8.2,,128,,StanJo02
448,Jonathan Ward,ARI,RB,9.7,9.7,8.2,,129,,WardJo00
449,Dede Westbrook,MIN,WR,16.8,16.8,11.8,,174,,WestDe00
450,C.J. Board,NYG,WR,9.7,9.7,7.7,,179,,BoarC.00
451,Mike Boone,DEN,RB,7.7,7.7,6.7,,131,,BoonMi00
452,Ja'Marcus Bradley,CLE,WR,10.4,10.4,8.4,,175,,BradJa01
453,Alex Erickson,CAR,WR,8.5,8.5,7.0,,182,,EricAl01
454,Luke Farrell,JAX,TE,12.6,12.6,9.1,,84,,FarrLu00
455,Penny Hart,SEA,WR,12.9,12.9,9.4,,178,,HartPe01
456,Dax Milne,WAS,WR,15.4,16.4,10.9,,176,,MilnDa00
457,Jason Moore,LAC,WR,8.6,8.6,7.1,,180,,MoorJa02
458,Brandon Powell,LAR,WR,6.0,6.0,6.0,,177,,PoweBr00
459,Amari Rodgers,GNB,WR,9.6,9.6,7.6,,181,,RodgAm00
460,Ito Smith,DAL,RB,6.4,6.4,6.4,,130,,SmitIt00
461,Trayveon Williams,CIN,RB,6.5,6.5,6.0,,132,,WillTr06
462,Jaelon Darden,TAM,WR,11.4,11.4,8.4,,183,,DardJa00
463,Will Fuller,MIA,WR,8.6,8.6,6.6,,185,,FullWi01
464,Jason Huntley,PHI,RB,5.1,5.1,5.1,,133,,HuntJa01
465,Tre' McKitty,LAC,TE,10.5,10.5,7.5,,86,,McKiTr00
466,Wendell Smallwood,WAS,RB,8.7,8.7,6.7,,135,,SmalWe00
467,Rodney Smith,CAR,RB,9.8,9.8,7.3,,134,,SmitRo08
468,Mike Thomas,CIN,WR,10.2,10.2,7.7,,184,,ThomMi04
469,Charlie Woerner,SFO,TE,10.2,10.2,7.7,,85,,WoerCh00
470,JJ Arcega-Whiteside,PHI,WR,5.6,5.6,4.6,,193,,ArceJJ00
471,Kalen Ballage,PIT,RB,6.4,6.4,5.4,,136,,BallKa00
472,Kendall Blanton,LAR,TE,7.7,7.7,5.7,,90,,BlanKe01
473,Pharoh Cooper,NYG,WR,7.6,7.6,5.6,,194,,CoopPh00
474,Tyler Davis,GNB,TE,7.5,7.5,5.5,,92,,DaviTy02
475,Greg Dortch,ARI,WR,6.9,6.9,5.4,,188,,DortGr01
476,Darren Fells,2TM,TE,8.3,8.3,6.3,,87,,FellDa01
477,Garrett Griffin,NOR,TE,7.9,7.9,5.9,,89,,GrifGa00
478,Parker Hesse,ATL,TE,9.3,9.3,6.8,,88,,HessPa00
479,Jakob Johnson,NWE,FB,8.3,8.3,6.3,,137,,JohnJa12
480,D.J. Montgomery,NYJ,WR,6.6,6.6,5.1,,195,,MontDJ01
481,Gunner Olszewski,NWE,WR,6.0,6.0,5.0,,187,,OlszGu00
482,Curtis Samuel,WAS,WR,9.8,9.8,6.8,,189,,SamuCu00
483,Willie Snead,2TM,WR,7.8,7.8,5.8,,190,,SneaWi00
484,Trent Taylor,CIN,WR,6.1,6.1,5.1,,186,,TaylTr02
485,Trevon Wesco,NYJ,TE,6.5,6.5,5.0,,93,,WescTr00
486,Kevin White,NOR,WR,4.8,4.8,4.3,,191,,WhitKe00
487,Juwann Winfree,GNB,WR,11.8,12.8,7.8,,192,,WinfJu00
488,Kenny Yeboah,NYJ,TE,5.6,5.6,4.6,,91,,YeboKe00
489,Christian Blake,ATL,WR,6.5,6.5,4.5,,203,,BlakCh00
490,Daniel Brown,NYJ,WR,4.9,4.9,3.9,,200,,BrowDa04
491,Dominique Dafney,GNB,TE,5.4,5.4,4.4,,94,,DafnDo00
492,Reggie Gilliam,BUF,FB,5.6,5.6,4.1,,141,,GillRe00
493,Chad Henne,KAN,QB,3.3,3.3,3.3,,64,,HennCh01
494,Kylin Hill,GNB,RB,3.9,3.9,3.4,,139,,HillKy00
495,Cody Hollister,TEN,WR,7.3,7.3,5.3,,198,,HollCo00
496,Tommy Hudson,TEN,TE,6.1,6.1,4.6,,98,,HudsTo00
497,Trenton Irwin,CIN,WR,5.4,5.4,4.4,,196,,IrwiTr00
498,Jake Kumerow,BUF,WR,4.8,4.8,3.8,,201,,KumeJa00
499,Gabe Nabers,LAC,FB,5.5,5.5,4.0,,142,,NabeGa00
500,Colby Parkinson,SEA,TE,8.3,8.3,5.8,,96,,ParkCo02
501,La'Mical Perine,NYJ,RB,3.1,3.1,3.1,,138,,PeriLa00
502,Kaden Smith,NYG,TE,6.3,6.3,4.8,,97,,SmitKa00
503,Jeremy Sprinkle,DAL,TE,6.1,6.1,4.6,,99,,SpriJe00
504,Mike Strachan,IND,WR,4.6,4.6,3.6,,202,,StraMi03
505,Dwayne Washington,NOR,RB,4.8,4.8,3.8,,140,,WashDw00
506,Cody White,PIT,WR,8.3,8.3,5.8,,199,,WhitCo05
507,Seth Williams,DEN,WR,4.4,4.4,3.9,,197,,WillSe00
508,Shane Zylstra,DET,TE,6.4,6.4,4.9,,95,,ZylsSh00
509,Nick Bawden,NYJ,FB,3.0,3.0,2.5,,147,,BawdNi00
510,C.J. Beathard,JAX,QB,1.5,1.5,1.5,,68,,BeatC.00
511,Reggie Bonnafon,CAR,RB,3.6,3.6,2.6,,150,,BonnRe00
512,Ian Book,NOR,QB,2.0,4.0,4.0,,66,,BookIa00
513,Cethan Carter,MIA,TE,3.6,3.6,2.6,,101,,CartCe00
514,Davion Davis,HOU,WR,2.7,2.7,2.2,,207,,DaviDa03
515,Darrynton Evans,TEN,RB,3.8,3.8,2.8,,149,,EvanDa02
516,Blaine Gabbert,TAM,QB,2.0,2.0,2.0,,67,,GabbBl00
517,Tyron Johnson,2TM,WR,3.6,3.6,2.6,,210,,JohnTy03
518,Marcus Kemp,KAN,WR,4.4,4.4,3.4,,204,,KempMa00
519,Keith Kirkwood,CAR,WR,4.7,4.7,3.2,,208,,KirkKe00
520,Patrick Laird,MIA,RB,5.1,5.1,3.6,,145,,LairPa00
521,Raheem Mostert,SFO,RB,2.0,2.0,2.0,,148,,MostRa00
522,Dazz Newsome,CHI,WR,4.3,4.3,3.3,,205,,NewsDa00
523,Scottie Phillips,HOU,RB,4.2,4.2,3.2,,144,,PhilSc01
524,Adam Prentice,NOR,FB,5.1,5.1,3.6,,146,,PrenAd00
525,Trey Ragas,LVR,RB,3.5,3.5,2.5,,152,,RagaTr00
526,Jaylen Samuels,HOU,RB,5.3,5.3,3.8,,143,,SamuJa00
527,David Sills,NYG,WR,3.7,3.7,2.7,,209,,SillDa01
528,Jack Stoll,PHI,TE,6.2,6.2,4.2,,100,,StolJa00
529,Chris Streveler,ARI,QB,2.0,2.0,2.0,,65,,StreCh00
530,Tylan Wallace,BAL,WR,4.3,4.3,3.3,,206,,WallTy00
531,Derek Watt,PIT,FB,4.6,4.6,3.1,,151,,WattDe00
532,Mitchell Wilcox,CIN,TE,4.6,4.6,3.1,,102,,WilcMi01
533,Cam Akers,LAR,RB,4.3,4.3,2.8,,154,,AkerCa00
534,Tarik Black,NYJ,WR,2.0,2.0,1.5,,217,,BlacTa00
535,David Blough,DET,QB,0.6,0.6,0.6,,71,,BlouDa00
536,Miles Boykin,BAL,WR,1.6,1.6,1.1,,221,,BoykMi00
537,Gary Brightwell,NYG,RB,2.0,2.0,1.5,,159,,BrigGa00
538,Derek Carrier,LVR,TE,3.3,3.3,2.3,,103,,CarrDe00
539,Keke Coutee,IND,WR,1.5,1.5,1.0,,222,,CoutKe00
540,Damarea Crockett,DEN,RB,0.7,0.7,0.7,,161,,CrocDa01
541,Frank Darby,ATL,WR,2.4,2.4,1.9,,211,,DarbFr00
542,Sam Ehlinger,IND,QB,0.9,0.9,0.9,,69,,EhliSa00
543,Ryan Fitzpatrick,WAS,QB,0.7,0.7,0.7,,70,,FitzRy00
544,Jake Funk,LAR,RB,0.5,0.5,0.5,,162,,FunkJa00
545,Marvin Hall,ATL,WR,2.0,2.0,1.5,,218,,HallMa02
546,Demetrius Harris,ARI,TE,4.0,4.0,2.5,,106,,HarrDe03
547,Brycen Hopkins,LAR,TE,1.9,1.9,1.4,,107,,HopkBr01
548,Buddy Howell,LAR,RB,1.1,1.1,1.1,,157,,HoweGr00
549,Andy Isabella,ARI,WR,2.3,2.3,1.8,,214,,IsabAn00
550,John Kelly,CLE,RB,1.3,1.3,1.3,,155,,KellJo00
551,Tommylee Lewis,MIA,WR,1.7,1.7,1.2,,220,,LewiTo00
552,Hunter Long,MIA,TE,1.8,1.8,1.3,,109,,LongHu00
553,Anthony McFarland Jr.,PIT,RB,2.4,2.4,1.9,,153,,McFaAn00
554,Kirk Merritt,MIA,WR,2.3,2.3,1.8,,215,,MerrKi00
555,Jaydon Mickens,2TM,WR,3.0,3.0,2.0,,219,,MickJa01
556,Stanley Morgan Jr.,CIN,WR,3.4,3.4,2.4,,212,,MorgSt02
557,Johnny Mundt,LAR,TE,1.9,1.9,1.4,,108,,MundJo00
558,Ryan Nall,CHI,RB,1.8,1.8,1.3,,160,,NallRy00
559,Jacques Patrick,SFO,RB,1.2,1.2,1.2,,156,,PatrJa01
560,Kevin Rader,PIT,TE,2.8,2.8,1.8,,110,,RadeKe00
561,Richard Rodgers,PHI,TE,3.1,3.1,2.1,,105,,RodgRi00
562,Mekhi Sargent,3TM,RB,1.1,1.1,1.1,,158,,SargMe00
563,C.J. Saunders,CAR,WR,3.1,3.1,2.1,,216,,SaunCJ00
564,Luke Stocker,MIN,TE,3.2,3.2,2.2,,104,,StocLu00
565,Eric Tomlinson,BAL,TE,1.7,1.7,1.2,,112,,TomlEr01
566,Tyrell Williams,DET,WR,3.4,3.4,2.4,,213,,WillTy00
567,Easop Winston,NOR,WR,1.5,1.5,1.0,,223,,WinsEa00
568,Ethan Wolf,NOR,TE,2.8,2.8,1.8,,111,,WolfEt00
569,Josh Adams,NYJ,RB,,,,,166,,AdamJo03
570,Rodney Adams,CHI,WR,,,,,225,,AdamRo01
571,Landen Akers,LAR,WR,,,,,226,,AkerLa00
572,Geronimo Allison,DET,WR,,,,,227,,AlliGe01
573,Devin Asiasi,NWE,TE,,,,,114,,AsiaDe00
574,Marcell Ateman,LVR,WR,,,,,228,,AtemMa00
575,Tutu Atwell,LAR,WR,,,,,229,,AtweTu00
576,Alex Bachman,NYG,WR,-0.3,-0.3,-0.3,,269,,BachAl00
577,Kawaan Baker,NOR,WR,,,,,230,,BakeKa00
578,Michael Bandy,LAC,WR,,,,,231,,BandMi00
579,Jake Bargas,MIN,FB,,,,,167,,BargJa00
580,Kenjon Barner,TAM,RB,,,,,168,,BarnKe00
581,Andrew Beck,DEN,TE,,,,,115,,BeckAn01
582,Nick Bellore,SEA,FB,1.4,1.4,0.9,,163,,BellNi01
583,Kurt Benkert,GNB,QB,-0.1,-0.1,-0.1,,77,,BenkKu01
584,Nick Bowers,LVR,TE,,,,,116,,BoweNi00
585,Nick Boyle,BAL,TE,1.2,1.2,0.7,,113,,BoylNi00
586,Darius Bradwell,LAC,FB,,,,,169,,BradDa00
587,John Brown,3TM,WR,,,,,232,,BrowJo02
588,Spencer Brown,CAR,RB,,,,,170,,BrowSp01
589,Ian Bunting,DAL,TE,,,,,117,,BuntIa00
590,Deante Burton,DAL,WR,,,,,233,,BurtDe00
591,Matt Bushman,LVR,TE,,,,,118,,BushMa00
592,Lawrence Cager,CLE,TE,,,,,119,,CageLa01
593,Jalen Camp,HOU,WR,,,,,234,,CampJa03
594,Tory Carter,TEN,FB,,,,,171,,CartTo01
595,Dan Chisena,MIN,WR,,,,,235,,ChisDa00
596,Tyrie Cleveland,DEN,WR,,,,,236,,ClevTy00
597,Matt Cole,CAR,WR,,,,,237,,ColeMa03
598,Jeff Cotton,JAX,WR,,,,,238,,CottJe00
599,Nathan Cottrell,JAX,RB,0.3,0.3,0.3,,165,,CottNa00
600,Isaiah Coulter,CHI,WR,,,,,239,,CoulIs00
601,River Cracraft,SFO,WR,,,,,240,,CracRi00
602,Chase Daniel,LAC,QB,-0.2,-0.2,-0.2,,78,,DaniCh00
603,Darrell Daniels,ARI,TE,1.0,1.0,0.5,,120,,DaniDa02
604,Connor Davis,CLE,TE,,,,,121,,DaviCo04
605,Brandon Dillon,MIN,TE,,,,,122,,DillBr00
606,Jeff Driskel,HOU,QB,,,,,75,,DrisJe00
607,Trey Edmunds,PIT,RB,,,,,172,,EdmuTr00
608,Ben Ellefson,MIN,TE,,,,,123,,ElleBe00
609,Tavien Feaster,ARI,RB,,,,,173,,FeasTa01
610,Simi Fehoko,DAL,WR,,,,,241,,FehoSi00
611,Maurice Ffrench,LAC,WR,0.3,0.3,0.3,,224,,FfreMa00
612,Miller Forristall,CLE,TE,,,,,124,,ForrMi00
613,Joe Fortunato,GNB,WR,,,,,242,,FortJo02
614,Daurice Fountain,KAN,WR,,,,,243,,FounDa00
615,Jordan Franks,CLE,TE,,,,,125,,FranJo03
616,Travis Fulgham,DEN,WR,,,,,244,,FulgTr00
617,Aaron Fuller,SEA,WR,,,,,245,,FullAa01
618,Antonio Gandy-Golden,WAS,WR,,,,,246,,GandAn00
619,Cullen Gillaspia,NYG,FB,,,,,174,,GillCu00
620,Nakia Griffin-Stewart,KAN,TE,,,,,126,,GrifNa00
621,Josh Hammond,JAX,WR,,,,,247,,HammJo00
622,DeMichael Harris,IND,WR,,,,,248,,HarrDe09
623,Jacob Harris,LAR,TE,,,,,127,,HarrJa03
624,Daniel Helm,LVR,TE,0.9,0.9,0.4,,147,,HelmDa01
625,Temarrick Hemingway,WAS,TE,,,,,128,,HemiTe00
626,John Hightower,PHI,WR,,,,,249,,HighJo00
627,Brian Hill,SFO,RB,,,,,175,,HillBr02
628,Isaiah Hodgins,BUF,WR,,,,,250,,HodgIs00
629,Kevin Hogan,TEN,QB,,,,,76,,HogaKe00
630,J.P. Holtz,CHI,TE,,,,,129,,HoltJ.01
631,Tanner Hudson,SFO,TE,,,,,130,,HudsTa00
632,Ryan Izzo,TEN,TE,,,,,131,,IzzoRy00
633,Josh Johnson,SEA,RB,,,,,176,,JohnJo06
634,Kerryon Johnson,SFO,RB,,,,,177,,JohnKe06
635,Taiwan Jones,BUF,RB,,,,,178,,JoneTa00
636,Hunter Kampmoyer,LAC,TE,,,,,132,,KampHu00
637,Mason Kinsey,TEN,WR,,,,,251,,KinsMa00
638,Matt LaCosse,NWE,TE,,,,,133,,LaCoMa00
639,Tyler Mabry,SEA,TE,,,,,134,,MabrTy00
640,Jordan Matthews,SFO,WR,,,,,252,,MattJo00
641,Nate McCrary,BAL,RB,-0.1,-0.1,-0.1,,187,,McCrNa00
642,Codey McElroy,TAM,TE,,,,,135,,McElCo00
643,Myron Mitchell,MIN,WR,,,,,253,,MitcMy00
644,Kellen Mond,MIN,QB,0.2,0.2,0.2,,72,,MondKe00
645,David Moore,2TM,WR,,,,,254,,MoorDa03
646,Jojo Natson,CLE,WR,,,,,255,,NatsJo00
647,Devine Ozigbo,2TM,RB,1.4,1.4,0.9,,164,,OzigDe01
648,Aaron Parker,CAR,WR,,,,,256,,ParkAa01
649,Nathan Peterman,LVR,QB,0.2,0.2,0.2,,73,,PeteNa00
650,Artavis Pierce,CHI,RB,,,,,179,,PierAr00
651,Jared Pinkney,DET,TE,,,,,136,,PinkJa02
652,Tony Poljan,BAL,TE,,,,,137,,PoljTo00
653,Paul Quessenberry,HOU,TE,,,,,138,,QuesPa00
654,Nick Ralston,DAL,FB,,,,,180,,RalsNi00
655,Sammis Reyes,WAS,TE,,,,,139,,ReyeSa00
656,Giovanni Ricci,CAR,FB,,,,,181,,RiccGi00
657,Brett Rypien,DEN,QB,,,,,74,,RypiBr00
658,Jordan Scarlett,MIA,RB,,,,,182,,ScarJo00
659,Mason Schreck,CIN,TE,,,,,140,,SchrMa00
660,Steven Sims,PIT,WR,,,,,257,,SimsSt00
661,Matthew Slater,NWE,WR,,,,,258,,SlatMa00
662,Devin Smith,JAX,WR,,,,,259,,SmitDe04
663,Sutton Smith,LVR,FB,,,,,183,,SmitSu00
664,Vyncint Smith,NYJ,WR,,,,,260,,SmitVy00
665,Marquez Stevenson,BUF,WR,,,,,261,,StevMa00
666,Dillon Stoner,LVR,WR,,,,,262,,StonDi00
667,Stephen Sullivan,CAR,TE,,,,,141,,SullSt00
668,Colin Thompson,CAR,TE,,,,,142,,ThomCo03
669,Cody Thompson,SEA,WR,,,,,263,,ThomCo04
670,Noah Togiai,PHI,TE,,,,,143,,TogiNo00
671,Austin Trammell,ATL,WR,,,,,264,,TramAu00
672,Jordan Veasy,HOU,WR,,,,,265,,VeasJo00
673,Kahale Warring,2TM,TE,,,,,144,,WarrKa00
674,Justin Watson,TAM,WR,,,,,266,,WatsJu01
675,Davis Webb,BUF,QB,-0.3,-0.3,-0.3,,79,,WebbDa00
676,Nsimba Webster,CHI,WR,,,,,267,,WebsNs00
677,David Wells,ARI,TE,,,,,145,,WellDa00
678,Jordan Wilkins,2TM,RB,,,,,184,,WilkJo01
679,Avery Williams,ATL,RB,,,,,185,,WillAv02
680,Pooka Williams,CIN,WR,,,,,268,,WillPo01
681,Brandon Wilson,CIN,RB,,,,,186,,WilsBr01
682,Deon Yelder,TAM,TE,1.0,1.0,0.5,,146,,YeldDe00
683,Khari Blasingame,TEN,FB,1.0,2.0,,,188,,BlasKh00
684,Jacob Eason,IND,QB,-1.0,,,,81,,EasoJa00
685,Feleipe Franks,ATL,TE,-1.4,-0.4,-0.4,,148,,FranFe00
686,Racey McMath,TEN,WR,0.8,1.8,-0.2,,271,,McMaRa00
687,Malik Taylor,GNB,WR,1.4,2.4,0.4,,270,,TaylMa01
688,Logan Woodside,TEN,QB,-0.6,-0.6,-0.6,,80,,WoodLo00
689,Travis Benjamin,SFO,WR,-2.0,-1.0,-2.0,,272,,BenjTr00
690,Trenton Cannon,2TM,RB,-1.6,-0.6,-1.6,,189,,CannTr00
691,J.J. Koski,LAR,WR,-2.0,-1.0,-2.0,,273,,KoskJJ00
692,John Wolford,LAR,QB,-1.9,-0.9,-0.9,,82,,WolfJo00
693,Josh Rosen,ATL,QB,-3.2,-1.2,-1.2,,83,,RoseJo01
694,Diontae Spencer,DEN,WR,-3.3,-1.3,-3.8,,274,,SpenDi00
